Model,Seconds
dsm,843.837464094162
nfg,7642.925935506821
ds,1100.4038808345795
dh,612.5602471828461
