Model,Seconds
dsm,724.9504661560059
nfg,1623.8256697654724
ds,591.6637191772461
dh,532.2375814914703
