Model,Seconds
dsm,415.66087889671326
nfg,4583.552132844925
ds,3742.559823036194
dh,676.3856549263
