Model,Seconds
dsm,0.0005409717559814453
nfg,0.0002484321594238281
ds,0.0001976490020751953
dh,2491.4730291366577
